,Date,month,Monthly Mean Total Sunspot Number
0,1749,1,96.7
1,1749,2,104.3
2,1749,3,116.7
3,1749,4,92.8
4,1749,5,141.7
5,1749,6,139.2
6,1749,7,158
7,1749,8,110.5
8,1749,9,126.5
9,1749,10,125.8
10,1749,11,264.3
11,1749,12,142
12,1750,1,122.2
13,1750,2,126.5
14,1750,3,148.7
15,1750,4,147.2
16,1750,5,150
17,1750,6,166.7
18,1750,7,142.3
19,1750,8,171.7
20,1750,9,152
21,1750,10,109.5
22,1750,11,105.5
23,1750,12,125.7
24,1751,1,116.7
25,1751,2,72.5
26,1751,3,75.5
27,1751,4,94
28,1751,5,101.2
29,1751,6,84.5
30,1751,7,110.5
31,1751,8,99.7
32,1751,9,39.2
33,1751,10,38.7
34,1751,11,47.5
35,1751,12,73.3
36,1752,1,58.3
37,1752,2,83.3
38,1752,3,118.3
39,1752,4,98.8
40,1752,5,99.5
41,1752,6,66
42,1752,7,130.7
43,1752,8,48.8
44,1752,9,45.2
45,1752,10,77.7
46,1752,11,62.7
47,1752,12,66.7
48,1753,1,73.3
49,1753,2,53.3
50,1753,3,76.2
51,1753,4,63.3
52,1753,5,60
53,1753,6,52.8
54,1753,7,36.7
55,1753,8,65
56,1753,9,46.7
57,1753,10,41.7
58,1753,11,33.3
59,1753,12,11.2
60,1754,1,0
61,1754,2,5
62,1754,3,2.8
63,1754,4,22.8
64,1754,5,34.5
65,1754,6,44.5
66,1754,7,31.3
67,1754,8,20.5
68,1754,9,13.7
69,1754,10,40.2
70,1754,11,22
71,1754,12,7
72,1755,1,17
73,1755,2,18.7
74,1755,3,11.3
75,1755,4,10.8
76,1755,5,0
77,1755,6,0
78,1755,7,14.3
79,1755,8,5.3
80,1755,9,29.7
81,1755,10,39.5
82,1755,11,11.3
83,1755,12,33.3
84,1756,1,20.8
85,1756,2,11.8
86,1756,3,9
87,1756,4,15.7
88,1756,5,20.8
89,1756,6,21.5
90,1756,7,6
91,1756,8,10.7
92,1756,9,19.7
93,1756,10,23.8
94,1756,11,28.3
95,1756,12,15.7
96,1757,1,23.5
97,1757,2,35.3
98,1757,3,43.7
99,1757,4,50
100,1757,5,63.5
101,1757,6,21.3
102,1757,7,41.7
103,1757,8,85.5
104,1757,9,66.2
105,1757,10,54.2
106,1757,11,107.8
107,1757,12,55.8
108,1758,1,62.7
109,1758,2,86.7
110,1758,3,81.7
111,1758,4,120.5
112,1758,5,77.3
113,1758,6,75
114,1758,7,73.3
115,1758,8,64.5
116,1758,9,104.2
117,1758,10,62.8
118,1758,11,71.7
119,1758,12,71.7
120,1759,1,80.5
121,1759,2,73.3
122,1759,3,78
123,1759,4,78.3
124,1759,5,81.7
125,1759,6,83.3
126,1759,7,85
127,1759,8,118.8
128,1759,9,128.7
129,1759,10,99.5
130,1759,11,77.2
131,1759,12,95
132,1760,1,112.2
133,1760,2,99.2
134,1760,3,124.5
135,1760,4,97.2
136,1760,5,120
137,1760,6,80.5
138,1760,7,110
139,1760,8,126
140,1760,9,102.2
141,1760,10,84.3
142,1760,11,99.5
143,1760,12,101.7
144,1761,1,116.7
145,1761,2,151.7
146,1761,3,134.5
147,1761,4,119.5
148,1761,5,178.7
149,1761,6,165.5
150,1761,7,156.8
151,1761,8,151.8
152,1761,9,167.8
153,1761,10,147.8
154,1761,11,149.5
155,1761,12,76.7
156,1762,1,73
157,1762,2,121.3
158,1762,3,76.2
159,1762,4,100.3
160,1762,5,66.5
161,1762,6,128.5
162,1762,7,56.3
163,1762,8,112.8
164,1762,9,114.2
165,1762,10,115.5
166,1762,11,129.7
167,1762,12,128.7
168,1763,1,94.2
169,1763,2,53.2
170,1763,3,57
171,1763,4,54.8
172,1763,5,54.5
173,1763,6,59.7
174,1763,7,90.3
175,1763,8,44.2
176,1763,9,113.5
177,1763,10,77.2
178,1763,11,101.5
179,1763,12,102.3
180,1764,1,99.5
181,1764,2,99.5
182,1764,3,67
183,1764,4,57.3
184,1764,5,73.8
185,1764,6,50
186,1764,7,50
187,1764,8,50
188,1764,9,47
189,1764,10,46.7
190,1764,11,43.3
191,1764,12,42.8
192,1765,1,40
193,1765,2,43.3
194,1765,3,41.7
195,1765,4,36.7
196,1765,5,33.7
197,1765,6,33.3
198,1765,7,45
199,1765,8,49.5
200,1765,9,26.7
201,1765,10,23.3
202,1765,11,23.3
203,1765,12,21.7
204,1766,1,20
205,1766,2,18.3
206,1766,3,61
207,1766,4,10
208,1766,5,44.7
209,1766,6,5
210,1766,7,5.5
211,1766,8,6.7
212,1766,9,7.2
213,1766,10,8.3
214,1766,11,9.5
215,1766,12,32
216,1767,1,45.7
217,1767,2,50
218,1767,3,71.7
219,1767,4,54.8
220,1767,5,49.7
221,1767,6,55.5
222,1767,7,36.5
223,1767,8,68
224,1767,9,71.2
225,1767,10,73.5
226,1767,11,91.2
227,1767,12,88.8
228,1768,1,89.2
229,1768,2,110.2
230,1768,3,77.2
231,1768,4,71.2
232,1768,5,129.5
233,1768,6,129
234,1768,7,87.7
235,1768,8,111.3
236,1768,9,124.7
237,1768,10,129.7
238,1768,11,151
239,1768,12,186.3
240,1769,1,123.2
241,1769,2,107
242,1769,3,107.2
243,1769,4,161.2
244,1769,5,122.7
245,1769,6,157.3
246,1769,7,197.7
247,1769,8,200.5
248,1769,9,248
249,1769,10,263.7
250,1769,11,246.8
251,1769,12,186.7
252,1770,1,173.3
253,1770,2,237.5
254,1770,3,133.5
255,1770,4,85
256,1770,5,116.8
257,1770,6,138.8
258,1770,7,183
259,1770,8,210.5
260,1770,9,174
261,1770,10,172.7
262,1770,11,220.3
263,1770,12,170.5
264,1771,1,60
265,1771,2,77
266,1771,3,77.8
267,1771,4,108.2
268,1771,5,254.5
269,1771,6,199.2
270,1771,7,112.8
271,1771,8,97.5
272,1771,9,169
273,1771,10,150
274,1771,11,166.2
275,1771,12,159.5
276,1772,1,168.2
277,1772,2,151.3
278,1772,3,51.8
279,1772,4,153.7
280,1772,5,63.3
281,1772,6,95
282,1772,7,128.8
283,1772,8,93.7
284,1772,9,84.2
285,1772,10,131
286,1772,11,102.2
287,1772,12,106.7
288,1773,1,91
289,1773,2,48.3
290,1773,3,85.3
291,1773,4,54.8
292,1773,5,68.5
293,1773,6,47.3
294,1773,7,46.2
295,1773,8,21.2
296,1773,9,48.8
297,1773,10,43.8
298,1773,11,68.2
299,1773,12,72
300,1774,1,78
301,1774,2,109
302,1774,3,92.8
303,1774,4,73
304,1774,5,85.5
305,1774,6,47.5
306,1774,7,29.2
307,1774,8,11
308,1774,9,13.2
309,1774,10,23.3
310,1774,11,29.5
311,1774,12,20.3
312,1775,1,7.3
313,1775,2,0
314,1775,3,19.3
315,1775,4,18.7
316,1775,5,6.5
317,1775,6,20.5
318,1775,7,1.7
319,1775,8,13.2
320,1775,9,5.3
321,1775,10,9.3
322,1775,11,25.2
323,1775,12,13.2
324,1776,1,36.2
325,1776,2,19.3
326,1776,3,10.5
327,1776,4,36.3
328,1776,5,18.7
329,1776,6,31.7
330,1776,7,1.7
331,1776,8,40.3
332,1776,9,26.7
333,1776,10,50
334,1776,11,58.3
335,1776,12,66.7
336,1777,1,75
337,1777,2,60.8
338,1777,3,65
339,1777,4,159.2
340,1777,5,133.8
341,1777,6,134.5
342,1777,7,158.3
343,1777,8,186.7
344,1777,9,193.7
345,1777,10,177.5
346,1777,11,243.3
347,1777,12,262.2
348,1778,1,295.5
349,1778,2,182.2
350,1778,3,223.3
351,1778,4,241.7
352,1778,5,398.2
353,1778,6,286
354,1778,7,255
355,1778,8,233.3
356,1778,9,286.2
357,1778,10,260.5
358,1778,11,250.5
359,1778,12,175
360,1779,1,191.2
361,1779,2,276.2
362,1779,3,196.7
363,1779,4,241.7
364,1779,5,233.3
365,1779,6,189.5
366,1779,7,238.3
367,1779,8,186.7
368,1779,9,185
369,1779,10,206.7
370,1779,11,190
371,1779,12,183.3
372,1780,1,116.7
373,1780,2,163.3
374,1780,3,163.3
375,1780,4,158.3
376,1780,5,178.7
377,1780,6,146.7
378,1780,7,143.3
379,1780,8,143.3
380,1780,9,156.2
381,1780,10,128.3
382,1780,11,100
383,1780,12,97.8
384,1781,1,164.5
385,1781,2,124.5
386,1781,3,88.3
387,1781,4,113.8
388,1781,5,174.5
389,1781,6,162.8
390,1781,7,122.5
391,1781,8,110
392,1781,9,85
393,1781,10,45.5
394,1781,11,111.7
395,1781,12,58.7
396,1782,1,90
397,1782,2,62.5
398,1782,3,61.7
399,1782,4,68.3
400,1782,5,90.5
401,1782,6,63.3
402,1782,7,61.7
403,1782,8,73.3
404,1782,9,56.7
405,1782,10,38.7
406,1782,11,52.5
407,1782,12,50
408,1783,1,46.7
409,1783,2,64.5
410,1783,3,44.5
411,1783,4,47.2
412,1783,5,38.3
413,1783,6,42
414,1783,7,53.7
415,1783,8,33.3
416,1783,9,30
417,1783,10,13.3
418,1783,11,25
419,1783,12,17.5
420,1784,1,21.7
421,1784,2,13.3
422,1784,3,18.3
423,1784,4,16.7
424,1784,5,10
425,1784,6,15
426,1784,7,10
427,1784,8,16.7
428,1784,9,16.7
429,1784,10,13.3
430,1784,11,28.3
431,1784,12,23.3
432,1785,1,10.8
433,1785,2,13.3
434,1785,3,15
435,1785,4,26.2
436,1785,5,34.5
437,1785,6,43.8
438,1785,7,60.5
439,1785,8,33.3
440,1785,9,53.3
441,1785,10,78.7
442,1785,11,67
443,1785,12,45.5
444,1786,1,62
445,1786,2,79.3
446,1786,3,79.5
447,1786,4,142.3
448,1786,5,153.8
449,1786,6,98.3
450,1786,7,138.3
451,1786,8,149.5
452,1786,9,185.8
453,1786,10,187.2
454,1786,11,193.3
455,1786,12,187.8
456,1787,1,224.5
457,1787,2,176.7
458,1787,3,145.7
459,1787,4,212
460,1787,5,224.7
461,1787,6,165.3
462,1787,7,213.3
463,1787,8,228.7
464,1787,9,262.2
465,1787,10,261.7
466,1787,11,235.8
467,1787,12,290
468,1788,1,230
469,1788,2,215.3
470,1788,3,238.8
471,1788,4,180.8
472,1788,5,188.3
473,1788,6,257
474,1788,7,235.8
475,1788,8,226.7
476,1788,9,235
477,1788,10,236.7
478,1788,11,157.8
479,1788,12,215.8
480,1789,1,190
481,1789,2,208.8
482,1789,3,200
483,1789,4,205.5
484,1789,5,205.8
485,1789,6,200
486,1789,7,195
487,1789,8,171.7
488,1789,9,186.7
489,1789,10,149.5
490,1789,11,223.3
491,1789,12,225.8
492,1790,1,171.7
493,1790,2,212.5
494,1790,3,160.5
495,1790,4,156.7
496,1790,5,155
497,1790,6,151.7
498,1790,7,115.5
499,1790,8,145
500,1790,9,128.8
501,1790,10,140.5
502,1790,11,136.7
503,1790,12,123.3
504,1791,1,121.2
505,1791,2,103.3
506,1791,3,123.3
507,1791,4,128.7
508,1791,5,122.8
509,1791,6,107
510,1791,7,118.3
511,1791,8,71.7
512,1791,9,110.8
513,1791,10,102.8
514,1791,11,111.7
515,1791,12,110
516,1792,1,96.7
517,1792,2,106.7
518,1792,3,105
519,1792,4,126.2
520,1792,5,103.3
521,1792,6,101.7
522,1792,7,76.3
523,1792,8,100
524,1792,9,98.3
525,1792,10,98.3
526,1792,11,95
527,1792,12,93.3
528,1793,1,93.3
529,1793,2,91.7
530,1793,3,92.5
531,1793,4,88.3
532,1793,5,87.2
533,1793,6,85
534,1793,7,83.3
535,1793,8,48.8
536,1793,9,40
537,1793,10,78.3
538,1793,11,73.3
539,1793,12,76.2
540,1794,1,75
541,1794,2,73.3
542,1794,3,63.3
543,1794,4,47.3
544,1794,5,92.8
545,1794,6,69.2
546,1794,7,68.3
547,1794,8,66.7
548,1794,9,18.5
549,1794,10,47.5
550,1794,11,112.3
551,1794,12,85.7
552,1795,1,35.7
553,1795,2,66.5
554,1795,3,21
555,1795,4,31
556,1795,5,51.7
557,1795,6,28.5
558,1795,7,21.5
559,1795,8,42.8
560,1795,9,22.5
561,1795,10,32.5
562,1795,11,41.7
563,1795,12,30
564,1796,1,36.7
565,1796,2,39.7
566,1796,3,26.2
567,1796,4,52.8
568,1796,5,35
569,1796,6,11.2
570,1796,7,44.8
571,1796,8,2.5
572,1796,9,30.7
573,1796,10,18.3
574,1796,11,14
575,1796,12,8.5
576,1797,1,24
577,1797,2,7
578,1797,3,6.7
579,1797,4,6.7
580,1797,5,12.2
581,1797,6,18.5
582,1797,7,7.2
583,1797,8,10
584,1797,9,9.5
585,1797,10,11.5
586,1797,11,9.7
587,1797,12,5
588,1798,1,3.3
589,1798,2,6.7
590,1798,3,20.7
591,1798,4,1.8
592,1798,5,0
593,1798,6,0
594,1798,7,0
595,1798,8,5
596,1798,9,4
597,1798,10,2.5
598,1798,11,20.8
599,1798,12,16.5
600,1799,1,2.7
601,1799,2,21
602,1799,3,36.2
603,1799,4,14
604,1799,5,13.7
605,1799,6,17.7
606,1799,7,3.5
607,1799,8,0
608,1799,9,0
609,1799,10,7.7
610,1799,11,4.5
611,1799,12,14.3
612,1800,1,11.5
613,1800,2,15.5
614,1800,3,23.2
615,1800,4,0
616,1800,5,8.3
617,1800,6,39.5
618,1800,7,35
619,1800,8,32.5
620,1800,9,19.2
621,1800,10,20.5
622,1800,11,17.5
623,1800,12,66.8
624,1801,1,45
625,1801,2,48.3
626,1801,3,50
627,1801,4,51.7
628,1801,5,53.3
629,1801,6,52
630,1801,7,58.3
631,1801,8,64.5
632,1801,9,55.8
633,1801,10,54.3
634,1801,11,66.3
635,1801,12,80.3
636,1802,1,79.7
637,1802,2,78.3
638,1802,3,68
639,1802,4,70
640,1802,5,73.3
641,1802,6,76.7
642,1802,7,80
643,1802,8,83.3
644,1802,9,86.3
645,1802,10,64.2
646,1802,11,57.5
647,1802,12,83.3
648,1803,1,83.3
649,1803,2,84.7
650,1803,3,49.2
651,1803,4,41.7
652,1803,5,73.8
653,1803,6,60
654,1803,7,80.5
655,1803,8,56.8
656,1803,9,75.5
657,1803,10,90.5
658,1803,11,85
659,1803,12,80
660,1804,1,75.5
661,1804,2,80.5
662,1804,3,80
663,1804,4,84.3
664,1804,5,55.7
665,1804,6,58
666,1804,7,49.7
667,1804,8,71.8
668,1804,9,88.3
669,1804,10,103.8
670,1804,11,101.7
671,1804,12,100
672,1805,1,101.7
673,1805,2,73.5
674,1805,3,85.7
675,1805,4,62.5
676,1805,5,65
677,1805,6,67.5
678,1805,7,62.7
679,1805,8,71.2
680,1805,9,74
681,1805,10,49
682,1805,11,68.3
683,1805,12,63.8
684,1806,1,65
685,1806,2,49.3
686,1806,3,54.5
687,1806,4,46.2
688,1806,5,44
689,1806,6,42.7
690,1806,7,50
691,1806,8,43.8
692,1806,9,40
693,1806,10,45
694,1806,11,41.7
695,1806,12,40
696,1807,1,20
697,1807,2,20.3
698,1807,3,16
699,1807,4,39.7
700,1807,5,16.7
701,1807,6,20
702,1807,7,21.2
703,1807,8,20
704,1807,9,9.5
705,1807,10,13.3
706,1807,11,4.3
707,1807,12,0
708,1808,1,0
709,1808,2,7.5
710,1808,3,0
711,1808,4,20.5
712,1808,5,22.5
713,1808,6,22.5
714,1808,7,11.2
715,1808,8,13.3
716,1808,9,19.5
717,1808,10,7.8
718,1808,11,17.5
719,1808,12,20.5
720,1809,1,12
721,1809,2,15.3
722,1809,3,1.5
723,1809,4,4.2
724,1809,5,3.3
725,1809,6,12.8
726,1809,7,0.5
727,1809,8,0.3
728,1809,9,0.7
729,1809,10,0
730,1809,11,0
731,1809,12,0
732,1810,1,0
733,1810,2,0
734,1810,3,0
735,1810,4,0
736,1810,5,0
737,1810,6,0
738,1810,7,0
739,1810,8,0
740,1810,9,0
741,1810,10,0
742,1810,11,0
743,1810,12,0
744,1811,1,0
745,1811,2,0
746,1811,3,0
747,1811,4,0
748,1811,5,0
749,1811,6,0
750,1811,7,11
751,1811,8,0
752,1811,9,4
753,1811,10,10.2
754,1811,11,1.3
755,1811,12,1.8
756,1812,1,18.8
757,1812,2,3.2
758,1812,3,1.2
759,1812,4,0
760,1812,5,1.7
761,1812,6,2.2
762,1812,7,0.8
763,1812,8,26
764,1812,9,8.7
765,1812,10,6.5
766,1812,11,13.2
767,1812,12,16.8
768,1813,1,0
769,1813,2,17.2
770,1813,3,3.2
771,1813,4,27.7
772,1813,5,9.2
773,1813,6,18.7
774,1813,7,30.5
775,1813,8,14
776,1813,9,25.5
777,1813,10,46.3
778,1813,11,27.8
779,1813,12,23.8
780,1814,1,37
781,1814,2,20
782,1814,3,9.5
783,1814,4,39.7
784,1814,5,9.7
785,1814,6,24.8
786,1814,7,30.8
787,1814,8,3.8
788,1814,9,13.5
789,1814,10,32.2
790,1814,11,24.2
791,1814,12,33.5
792,1815,1,32
793,1815,2,53.7
794,1815,3,43.7
795,1815,4,52.7
796,1815,5,16.3
797,1815,6,93.2
798,1815,7,59.2
799,1815,8,78.7
800,1815,9,52.5
801,1815,10,55.8
802,1815,11,62
803,1815,12,108.3
804,1816,1,43.8
805,1816,2,114.7
806,1816,3,122.8
807,1816,4,98
808,1816,5,73.8
809,1816,6,72.7
810,1816,7,64.7
811,1816,8,38.7
812,1816,9,79.7
813,1816,10,94
814,1816,11,63.5
815,1816,12,49.8
816,1817,1,60.7
817,1817,2,96.5
818,1817,3,160.3
819,1817,4,44
820,1817,5,35.3
821,1817,6,66.7
822,1817,7,83.3
823,1817,8,75
824,1817,9,61.2
825,1817,10,42.7
826,1817,11,48.2
827,1817,12,47.3
828,1818,1,58.1
829,1818,2,37.4
830,1818,3,42.4
831,1818,4,57.5
832,1818,5,88.5
833,1818,6,60.8
834,1818,7,46.8
835,1818,8,52.6
836,1818,9,43.4
837,1818,10,52.8
838,1818,11,18.3
839,1818,12,43
840,1819,1,54.7
841,1819,2,34.6
842,1819,3,6.3
843,1819,4,33.7
844,1819,5,32.6
845,1819,6,58.3
846,1819,7,52.5
847,1819,8,43.5
848,1819,9,24.8
849,1819,10,45.9
850,1819,11,41.8
851,1819,12,50.9
852,1820,1,32
853,1820,2,44.4
854,1820,3,7.5
855,1820,4,32.3
856,1820,5,48.9
857,1820,6,17.9
858,1820,7,34.1
859,1820,8,43.1
860,1820,9,8.6
861,1820,10,14.9
862,1820,11,13.2
863,1820,12,15.1
864,1821,1,36
865,1821,2,7
866,1821,3,9.5
867,1821,4,15.2
868,1821,5,2.8
869,1821,6,3
870,1821,7,4.3
871,1821,8,8
872,1821,9,7.3
873,1821,10,31.4
874,1821,11,7.3
875,1821,12,0.4
876,1822,1,0
877,1822,2,1.5
878,1822,3,26.9
879,1822,4,21.7
880,1822,5,2.4
881,1822,6,9.3
882,1822,7,13.2
883,1822,8,3.4
884,1822,9,0
885,1822,10,0.6
886,1822,11,0
887,1822,12,0
888,1823,1,0
889,1823,2,0
890,1823,3,1
891,1823,4,0
892,1823,5,0
893,1823,6,0
894,1823,7,0.8
895,1823,8,0
896,1823,9,0
897,1823,10,0
898,1823,11,0
899,1823,12,34
900,1824,1,36
901,1824,2,18
902,1824,3,0
903,1824,4,32.3
904,1824,5,4.6
905,1824,6,0
906,1824,7,0
907,1824,8,2.3
908,1824,9,34.3
909,1824,10,42
910,1824,11,0
911,1824,12,1.4
912,1825,1,8.4
913,1825,2,25.9
914,1825,3,37.4
915,1825,4,6.2
916,1825,5,25.8
917,1825,6,25.6
918,1825,7,51.5
919,1825,8,42.8
920,1825,9,26.2
921,1825,10,26
922,1825,11,19.6
923,1825,12,36.7
924,1826,1,29.4
925,1826,2,30.2
926,1826,3,61.3
927,1826,4,40
928,1826,5,53.9
929,1826,6,61.7
930,1826,7,87.5
931,1826,8,66
932,1826,9,31.6
933,1826,10,84.4
934,1826,11,65.8
935,1826,12,113.6
936,1827,1,57.7
937,1827,2,79
938,1827,3,96.3
939,1827,4,76.7
940,1827,5,93.8
941,1827,6,94.4
942,1827,7,70.4
943,1827,8,89.4
944,1827,9,82.6
945,1827,10,93.5
946,1827,11,80.4
947,1827,12,76.8
948,1828,1,88
949,1828,2,107.3
950,1828,3,108.5
951,1828,4,101.9
952,1828,5,148.6
953,1828,6,163.4
954,1828,7,90.4
955,1828,8,127.3
956,1828,9,83.9
957,1828,10,91.1
958,1828,11,95
959,1828,12,78.1
960,1829,1,71.6
961,1829,2,82.3
962,1829,3,120.6
963,1829,4,158.4
964,1829,5,112.3
965,1829,6,123.2
966,1829,7,151.5
967,1829,8,129.3
968,1829,9,88
969,1829,10,95.3
970,1829,11,112.7
971,1829,12,94.1
972,1830,1,87
973,1830,2,120.1
974,1830,3,141
975,1830,4,177.3
976,1830,5,110.5
977,1830,6,108.4
978,1830,7,73.2
979,1830,8,84.6
980,1830,9,103.4
981,1830,10,140.6
982,1830,11,135.4
983,1830,12,136.8
984,1831,1,79
985,1831,2,83.6
986,1831,3,155.8
987,1831,4,90.9
988,1831,5,63.4
989,1831,6,55.6
990,1831,7,75.4
991,1831,8,91.6
992,1831,9,63.2
993,1831,10,77.1
994,1831,11,72.5
995,1831,12,48.3
996,1832,1,51.5
997,1832,2,92.6
998,1832,3,91.9
999,1832,4,44.8
1000,1832,5,68.9
1001,1832,6,44.5
1002,1832,7,23.3
1003,1832,8,14.8
1004,1832,9,13.7
1005,1832,10,35.2
1006,1832,11,23.8
1007,1832,12,45.8
1008,1833,1,18.7
1009,1833,2,24.9
1010,1833,3,19.6
1011,1833,4,4.6
1012,1833,5,21.5
1013,1833,6,1.7
1014,1833,7,11.6
1015,1833,8,9.5
1016,1833,9,19.3
1017,1833,10,12.5
1018,1833,11,9.8
1019,1833,12,16.6
1020,1834,1,8.2
1021,1834,2,30.1
1022,1834,3,6.5
1023,1834,4,2.4
1024,1834,5,14.8
1025,1834,6,13.1
1026,1834,7,14.4
1027,1834,8,6.6
1028,1834,9,19.2
1029,1834,10,41.3
1030,1834,11,50.9
1031,1834,12,57.5
1032,1835,1,12.4
1033,1835,2,40.7
1034,1835,3,32.7
1035,1835,4,102.4
1036,1835,5,72.6
1037,1835,6,55.2
1038,1835,7,99.6
1039,1835,8,98.5
1040,1835,9,168
1041,1835,10,158.6
1042,1835,11,166.7
1043,1835,12,129.3
1044,1836,1,147.6
1045,1836,2,179.4
1046,1836,3,163.7
1047,1836,4,238
1048,1836,5,185.7
1049,1836,6,207.9
1050,1836,7,194.6
1051,1836,8,179.6
1052,1836,9,158.5
1053,1836,10,228.9
1054,1836,11,201.5
1055,1836,12,343.8
1056,1837,1,313.4
1057,1837,2,292.6
1058,1837,3,224.3
1059,1837,4,230.3
1060,1837,5,186.1
1061,1837,6,263.4
1062,1837,7,271.2
1063,1837,8,223.5
1064,1837,9,160.4
1065,1837,10,206.2
1066,1837,11,178.4
1067,1837,12,216.1
1068,1838,1,241.5
1069,1838,2,141.3
1070,1838,3,234.5
1071,1838,4,211.1
1072,1838,5,229.4
1073,1838,6,157.6
1074,1838,7,180.4
1075,1838,8,131.3
1076,1838,9,122.7
1077,1838,10,151.5
1078,1838,11,129.2
1079,1838,12,132.9
1080,1839,1,175.9
1081,1839,2,170.8
1082,1839,3,129.5
1083,1839,4,102.9
1084,1839,5,89.6
1085,1839,6,91.2
1086,1839,7,141.3
1087,1839,8,218.8
1088,1839,9,221.1
1089,1839,10,151.5
1090,1839,11,114.7
1091,1839,12,106.2
1092,1840,1,135.4
1093,1840,2,146.1
1094,1840,3,112.9
1095,1840,4,109.8
1096,1840,5,115.4
1097,1840,6,80.9
1098,1840,7,101
1099,1840,8,96.4
1100,1840,9,123.3
1101,1840,10,91.7
1102,1840,11,90.4
1103,1840,12,89.5
1104,1841,1,40.1
1105,1841,2,49.9
1106,1841,3,49.6
1107,1841,4,66.9
1108,1841,5,112.4
1109,1841,6,92.8
1110,1841,7,51.4
1111,1841,8,65.4
1112,1841,9,60.9
1113,1841,10,47.4
1114,1841,11,32.9
1115,1841,12,64.8
1116,1842,1,34
1117,1842,2,36.8
1118,1842,3,36.2
1119,1842,4,44.9
1120,1842,5,41.4
1121,1842,6,34.2
1122,1842,7,21
1123,1842,8,44.4
1124,1842,9,30.6
1125,1842,10,63.5
1126,1842,11,67.5
1127,1842,12,29.3
1128,1843,1,22.2
1129,1843,2,5.9
1130,1843,3,13.9
1131,1843,4,15.8
1132,1843,5,35.1
1133,1843,6,17.6
1134,1843,7,15.9
1135,1843,8,19.6
1136,1843,9,6.9
1137,1843,10,8.9
1138,1843,11,31.7
1139,1843,12,21.2
1140,1844,1,15.7
1141,1844,2,24.5
1142,1844,3,22.5
1143,1844,4,34.6
1144,1844,5,19.2
1145,1844,6,6.2
1146,1844,7,35.2
1147,1844,8,39.7
1148,1844,9,11.6
1149,1844,10,35.9
1150,1844,11,17.9
1151,1844,12,36
1152,1845,1,42.8
1153,1845,2,72.8
1154,1845,3,72.1
1155,1845,4,95
1156,1845,5,79.7
1157,1845,6,51.8
1158,1845,7,51
1159,1845,8,53.9
1160,1845,9,49.3
1161,1845,10,67.8
1162,1845,11,65.7
1163,1845,12,99.5
1164,1846,1,64.6
1165,1846,2,84.9
1166,1846,3,106.5
1167,1846,4,115.5
1168,1846,5,99.9
1169,1846,6,108.4
1170,1846,7,77.5
1171,1846,8,91.3
1172,1846,9,178.6
1173,1846,10,93.4
1174,1846,11,100.6
1175,1846,12,109.1
1176,1847,1,104.4
1177,1847,2,74.9
1178,1847,3,143
1179,1847,4,74.6
1180,1847,5,125.7
1181,1847,6,142.2
1182,1847,7,87.1
1183,1847,8,234.3
1184,1847,9,268.2
1185,1847,10,300.6
1186,1847,11,231.5
1187,1847,12,182.6
1188,1848,1,265.2
1189,1848,2,186.4
1190,1848,3,181.2
1191,1848,4,178.6
1192,1848,5,170.5
1193,1848,6,214.9
1194,1848,7,232
1195,1848,8,220.9
1196,1848,9,167.3
1197,1848,10,220.6
1198,1848,11,191
1199,1848,12,265.8
1200,1849,1,298.3
1201,1849,2,250.3
1202,1849,3,182.7
1203,1849,4,194.7
1204,1849,5,153.2
1205,1849,6,154.2
1206,1849,7,148.2
1207,1849,8,128.6
1208,1849,9,178
1209,1849,10,135.7
1210,1849,11,188.2
1211,1849,12,184.3
1212,1850,1,148.2
1213,1850,2,169.8
1214,1850,3,156.8
1215,1850,4,83.8
1216,1850,5,117
1217,1850,6,133
1218,1850,7,74.3
1219,1850,8,117
1220,1850,9,163.7
1221,1850,10,134.9
1222,1850,11,104.1
1223,1850,12,115.9
1224,1851,1,143.5
1225,1851,2,200.1
1226,1851,3,122.8
1227,1851,4,107.3
1228,1851,5,118.9
1229,1851,6,120
1230,1851,7,68.6
1231,1851,8,109
1232,1851,9,128.9
1233,1851,10,118.7
1234,1851,11,96.8
1235,1851,12,135.5
1236,1852,1,129.9
1237,1852,2,126.2
1238,1852,3,116.2
1239,1852,4,124.3
1240,1852,5,104.3
1241,1852,6,89
1242,1852,7,80
1243,1852,8,75.3
1244,1852,9,71.2
1245,1852,10,127.9
1246,1852,11,103.1
1247,1852,12,86.1
1248,1853,1,77.9
1249,1853,2,81.5
1250,1853,3,71.6
1251,1853,4,90.4
1252,1853,5,65.9
1253,1853,6,76
1254,1853,7,87.2
1255,1853,8,95.8
1256,1853,9,63.7
1257,1853,10,80.5
1258,1853,11,54.7
1259,1853,12,44.5
1260,1854,1,29.3
1261,1854,2,38
1262,1854,3,39.4
1263,1854,4,50.3
1264,1854,5,45.6
1265,1854,6,40.1
1266,1854,7,35.5
1267,1854,8,30.1
1268,1854,9,42.6
1269,1854,10,24.1
1270,1854,11,53.5
1271,1854,12,41.1
1272,1855,1,23.4
1273,1855,2,21.6
1274,1855,3,33
1275,1855,4,8.4
1276,1855,5,17.3
1277,1855,6,10
1278,1855,7,0.7
1279,1855,8,5.9
1280,1855,9,0
1281,1855,10,18.3
1282,1855,11,7.9
1283,1855,12,5.8
1284,1856,1,1
1285,1856,2,9.3
1286,1856,3,0.7
1287,1856,4,12.4
1288,1856,5,0
1289,1856,6,9.8
1290,1856,7,8.8
1291,1856,8,11.3
1292,1856,9,8.4
1293,1856,10,8.5
1294,1856,11,14.7
1295,1856,12,13.7
1296,1857,1,26
1297,1857,2,14.2
1298,1857,3,10
1299,1857,4,21.1
1300,1857,5,54.2
1301,1857,6,30.5
1302,1857,7,42.2
1303,1857,8,32
1304,1857,9,80.6
1305,1857,10,77.1
1306,1857,11,59.6
1307,1857,12,70.7
1308,1858,1,74.2
1309,1858,2,66.3
1310,1858,3,109.2
1311,1858,4,72.8
1312,1858,5,78.6
1313,1858,6,84.5
1314,1858,7,107.7
1315,1858,8,104.9
1316,1858,9,152.2
1317,1858,10,173.2
1318,1858,11,98.6
1319,1858,12,127
1320,1859,1,159
1321,1859,2,166.4
1322,1859,3,171.5
1323,1859,4,162.9
1324,1859,5,172.8
1325,1859,6,165.2
1326,1859,7,180.7
1327,1859,8,203
1328,1859,9,200.9
1329,1859,10,217.8
1330,1859,11,184.6
1331,1859,12,153.9
1332,1860,1,156.6
1333,1860,2,167.9
1334,1860,3,188
1335,1860,4,135.7
1336,1860,5,203.5
1337,1860,6,206.3
1338,1860,7,221.9
1339,1860,8,190.5
1340,1860,9,175.2
1341,1860,10,171.1
1342,1860,11,186
1343,1860,12,181.7
1344,1861,1,118.5
1345,1861,2,147.5
1346,1861,3,192
1347,1861,4,187.1
1348,1861,5,107.8
1349,1861,6,167.5
1350,1861,7,148.2
1351,1861,8,156.7
1352,1861,9,151.9
1353,1861,10,127.7
1354,1861,11,102
1355,1861,12,152.8
1356,1862,1,119.9
1357,1862,2,122.4
1358,1862,3,82.7
1359,1862,4,102.1
1360,1862,5,122.4
1361,1862,6,159.7
1362,1862,7,139.5
1363,1862,8,118.7
1364,1862,9,126.4
1365,1862,10,79.8
1366,1862,11,96
1367,1862,12,77.6
1368,1863,1,91.8
1369,1863,2,107.7
1370,1863,3,126
1371,1863,4,77.1
1372,1863,5,102.1
1373,1863,6,77.6
1374,1863,7,62
1375,1863,8,91.3
1376,1863,9,41.7
1377,1863,10,75.7
1378,1863,11,71.6
1379,1863,12,78.1
1380,1864,1,109.7
1381,1864,2,89.5
1382,1864,3,125.9
1383,1864,4,68.1
1384,1864,5,77.1
1385,1864,6,109.9
1386,1864,7,103.8
1387,1864,8,104.1
1388,1864,9,54.2
1389,1864,10,64.4
1390,1864,11,109.3
1391,1864,12,54.3
1392,1865,1,92.5
1393,1865,2,74.6
1394,1865,3,75
1395,1865,4,55.9
1396,1865,5,65.6
1397,1865,6,63.8
1398,1865,7,50.8
1399,1865,8,71.8
1400,1865,9,41
1401,1865,10,32.5
1402,1865,11,46.7
1403,1865,12,24.3
1404,1866,1,60
1405,1866,2,72.9
1406,1866,3,46.6
1407,1866,4,33.5
1408,1866,5,24.6
1409,1866,6,31.4
1410,1866,7,17.6
1411,1866,8,24.2
1412,1866,9,13.9
1413,1866,10,26.8
1414,1866,11,17.2
1415,1866,12,2.9
1416,1867,1,0
1417,1867,2,1.4
1418,1867,3,17.4
1419,1867,4,9.7
1420,1867,5,5.5
1421,1867,6,2.8
1422,1867,7,9.5
1423,1867,8,9.1
1424,1867,9,18.7
1425,1867,10,25.5
1426,1867,11,18.1
1427,1867,12,47.9
1428,1868,1,25.9
1429,1868,2,26.3
1430,1868,3,44
1431,1868,4,61.1
1432,1868,5,44.5
1433,1868,6,51.8
1434,1868,7,48.3
1435,1868,8,57.3
1436,1868,9,78.7
1437,1868,10,102.8
1438,1868,11,98.7
1439,1868,12,112.8
1440,1869,1,101.6
1441,1869,2,99.9
1442,1869,3,88
1443,1869,4,68.4
1444,1869,5,173.4
1445,1869,6,180.7
1446,1869,7,98.8
1447,1869,8,132.7
1448,1869,9,134.5
1449,1869,10,99
1450,1869,11,130.2
1451,1869,12,174.1
1452,1870,1,129
1453,1870,2,191.7
1454,1870,3,262.7
1455,1870,4,266.9
1456,1870,5,293.6
1457,1870,6,226.3
1458,1870,7,220.9
1459,1870,8,256.5
1460,1870,9,226.8
1461,1870,10,244.3
1462,1870,11,246
1463,1870,12,216.7
1464,1871,1,147.2
1465,1871,2,209
1466,1871,3,238.7
1467,1871,4,270.9
1468,1871,5,242.6
1469,1871,6,152.9
1470,1871,7,171.8
1471,1871,8,183.7
1472,1871,9,133.9
1473,1871,10,148.5
1474,1871,11,175.7
1475,1871,12,150.8
1476,1872,1,132.7
1477,1872,2,200.3
1478,1872,3,147.5
1479,1872,4,170.4
1480,1872,5,179.5
1481,1872,6,183.3
1482,1872,7,176
1483,1872,8,155
1484,1872,9,191.1
1485,1872,10,171.2
1486,1872,11,186.8
1487,1872,12,139.9
1488,1873,1,144.6
1489,1873,2,178.4
1490,1873,3,164
1491,1873,4,127.1
1492,1873,5,80
1493,1873,6,74.8
1494,1873,7,111.7
1495,1873,8,113.8
1496,1873,9,78.7
1497,1873,10,78.6
1498,1873,11,92.5
1499,1873,12,82
1500,1874,1,101.4
1501,1874,2,107.1
1502,1874,3,77.5
1503,1874,4,53.5
1504,1874,5,74.6
1505,1874,6,63.8
1506,1874,7,113.2
1507,1874,8,102.3
1508,1874,9,46.8
1509,1874,10,57.4
1510,1874,11,48.2
1511,1874,12,48.8
1512,1875,1,24.4
1513,1875,2,35.9
1514,1875,3,56.4
1515,1875,4,48.6
1516,1875,5,19.2
1517,1875,6,39.9
1518,1875,7,20.9
1519,1875,8,24.4
1520,1875,9,4
1521,1875,10,21.3
1522,1875,11,29.6
1523,1875,12,16.5
1524,1876,1,23.9
1525,1876,2,25.1
1526,1876,3,51.1
1527,1876,4,3.9
1528,1876,5,8.5
1529,1876,6,2.7
1530,1876,7,25.5
1531,1876,8,14.8
1532,1876,9,16.6
1533,1876,10,23.9
1534,1876,11,16.6
1535,1876,12,13.6
1536,1877,1,40.6
1537,1877,2,14.5
1538,1877,3,19.9
1539,1877,4,26.3
1540,1877,5,36.1
1541,1877,6,23.6
1542,1877,7,10
1543,1877,8,10.5
1544,1877,9,28.1
1545,1877,10,11.2
1546,1877,11,23.6
1547,1877,12,3.5
1548,1878,1,5.5
1549,1878,2,11
1550,1878,3,13.1
1551,1878,4,0.2
1552,1878,5,9.9
1553,1878,6,10.7
1554,1878,7,0.2
1555,1878,8,0
1556,1878,9,8.8
1557,1878,10,1.9
1558,1878,11,6.8
1559,1878,12,0.9
1560,1879,1,1.6
1561,1879,2,0.9
1562,1879,3,0
1563,1879,4,10.4
1564,1879,5,4
1565,1879,6,8
1566,1879,7,12.6
1567,1879,8,17.9
1568,1879,9,10.1
1569,1879,10,20.4
1570,1879,11,21.9
1571,1879,12,12.2
1572,1880,1,40.1
1573,1880,2,45.4
1574,1880,3,32.1
1575,1880,4,32.4
1576,1880,5,39.1
1577,1880,6,56.9
1578,1880,7,36.5
1579,1880,8,80.3
1580,1880,9,110.1
1581,1880,10,71.7
1582,1880,11,51.1
1583,1880,12,49.4
1584,1881,1,60.6
1585,1881,2,88.6
1586,1881,3,85.8
1587,1881,4,86.1
1588,1881,5,72.5
1589,1881,6,100.8
1590,1881,7,128.2
1591,1881,8,97.3
1592,1881,9,88.6
1593,1881,10,107.3
1594,1881,11,91.5
1595,1881,12,78.8
1596,1882,1,75
1597,1882,2,115.9
1598,1882,3,111.5
1599,1882,4,159.6
1600,1882,5,106.9
1601,1882,6,75.4
1602,1882,7,75.7
1603,1882,8,67.5
1604,1882,9,96.1
1605,1882,10,98.6
1606,1882,11,140.6
1607,1882,12,69.7
1608,1883,1,101
1609,1883,2,78.2
1610,1883,3,71.3
1611,1883,4,136.8
1612,1883,5,52.5
1613,1883,6,127.2
1614,1883,7,134.4
1615,1883,8,76.6
1616,1883,9,87.8
1617,1883,10,139.6
1618,1883,11,140.8
1619,1883,12,126.5
1620,1884,1,152.6
1621,1884,2,144.8
1622,1884,3,145.8
1623,1884,4,126.9
1624,1884,5,110.9
1625,1884,6,85.3
1626,1884,7,88.5
1627,1884,8,93.1
1628,1884,9,103.1
1629,1884,10,79.6
1630,1884,11,60.9
1631,1884,12,78.6
1632,1885,1,71.4
1633,1885,2,119.7
1634,1885,3,82.9
1635,1885,4,91.7
1636,1885,5,121.6
1637,1885,6,139.5
1638,1885,7,110.9
1639,1885,8,83.5
1640,1885,9,66
1641,1885,10,64.5
1642,1885,11,51.6
1643,1885,12,36.3
1644,1886,1,49.8
1645,1886,2,43.2
1646,1886,3,95.5
1647,1886,4,72.9
1648,1886,5,51.2
1649,1886,6,45.3
1650,1886,7,50.4
1651,1886,8,28.1
1652,1886,9,35.7
1653,1886,10,14.4
1654,1886,11,0.6
1655,1886,12,21.7
1656,1887,1,17
1657,1887,2,22
1658,1887,3,7.1
1659,1887,4,11.6
1660,1887,5,33.4
1661,1887,6,26.1
1662,1887,7,38.9
1663,1887,8,35.7
1664,1887,9,12.4
1665,1887,10,11
1666,1887,11,11.5
1667,1887,12,34.5
1668,1888,1,21.2
1669,1888,2,11.8
1670,1888,3,13.1
1671,1888,4,8.5
1672,1888,5,11.7
1673,1888,6,11.8
1674,1888,7,5
1675,1888,8,4.6
1676,1888,9,14.6
1677,1888,10,3.4
1678,1888,11,17.9
1679,1888,12,11.1
1680,1889,1,1.3
1681,1889,2,14.2
1682,1889,3,11.1
1683,1889,4,7.3
1684,1889,5,4
1685,1889,6,10.8
1686,1889,7,15.8
1687,1889,8,34.3
1688,1889,9,10.9
1689,1889,10,3.4
1690,1889,11,0.3
1691,1889,12,11.2
1692,1890,1,8.8
1693,1890,2,1.1
1694,1890,3,8.5
1695,1890,4,2.7
1696,1890,5,7.9
1697,1890,6,2.2
1698,1890,7,19.3
1699,1890,8,14.2
1700,1890,9,28.6
1701,1890,10,18.6
1702,1890,11,15.9
1703,1890,12,13.1
1704,1891,1,22.5
1705,1891,2,36.9
1706,1891,3,17.2
1707,1891,4,34.2
1708,1891,5,68.5
1709,1891,6,80.4
1710,1891,7,98
1711,1891,8,55.1
1712,1891,9,89.7
1713,1891,10,86
1714,1891,11,69.8
1715,1891,12,54.3
1716,1892,1,115.2
1717,1892,2,126.1
1718,1892,3,83.3
1719,1892,4,116
1720,1892,5,132.7
1721,1892,6,127.3
1722,1892,7,127.6
1723,1892,8,169
1724,1892,9,104.7
1725,1892,10,117.5
1726,1892,11,108.9
1727,1892,12,131
1728,1893,1,125
1729,1893,2,121.6
1730,1893,3,109.5
1731,1893,4,146.8
1732,1893,5,141.3
1733,1893,6,149.8
1734,1893,7,147.6
1735,1893,8,215.4
1736,1893,9,129.9
1737,1893,10,133.3
1738,1893,11,125.2
1739,1893,12,156.4
1740,1894,1,138.6
1741,1894,2,141
1742,1894,3,87.1
1743,1894,4,136
1744,1894,5,168.7
1745,1894,6,164.8
1746,1894,7,176.7
1747,1894,8,117.1
1748,1894,9,110
1749,1894,10,125.7
1750,1894,11,94.3
1751,1894,12,100.1
1752,1895,1,105.4
1753,1895,2,112
1754,1895,3,101.6
1755,1895,4,128.2
1756,1895,5,112.5
1757,1895,6,119.1
1758,1895,7,79.7
1759,1895,8,114.9
1760,1895,9,96.1
1761,1895,10,113.2
1762,1895,11,78.6
1763,1895,12,117.9
1764,1896,1,48.4
1765,1896,2,95.7
1766,1896,3,86.5
1767,1896,4,73
1768,1896,5,46.1
1769,1896,6,81.7
1770,1896,7,75.2
1771,1896,8,45.4
1772,1896,9,102.2
1773,1896,10,47.9
1774,1896,11,63.3
1775,1896,12,71
1776,1897,1,67.6
1777,1897,2,49
1778,1897,3,48.7
1779,1897,4,51.7
1780,1897,5,33.3
1781,1897,6,18.9
1782,1897,7,46.1
1783,1897,8,36.4
1784,1897,9,80.4
1785,1897,10,23.9
1786,1897,11,14
1787,1897,12,55.5
1788,1898,1,50.4
1789,1898,2,60.7
1790,1898,3,63.9
1791,1898,4,24.2
1792,1898,5,43
1793,1898,6,37.1
1794,1898,7,15
1795,1898,8,52.3
1796,1898,9,58.1
1797,1898,10,57.1
1798,1898,11,51.6
1799,1898,12,21.1
1800,1899,1,32.4
1801,1899,2,15.3
1802,1899,3,30.3
1803,1899,4,23.6
1804,1899,5,12.9
1805,1899,6,34.1
1806,1899,7,22.5
1807,1899,8,4.9
1808,1899,9,14
1809,1899,10,21.7
1810,1899,11,13
1811,1899,12,17.6
1812,1900,1,15.7
1813,1900,2,22.8
1814,1900,3,14.4
1815,1900,4,26.8
1816,1900,5,25.3
1817,1900,6,20.1
1818,1900,7,13.9
1819,1900,8,7.1
1820,1900,9,13.9
1821,1900,10,21.6
1822,1900,11,7.5
1823,1900,12,0.5
1824,1901,1,0.4
1825,1901,2,4
1826,1901,3,7.4
1827,1901,4,0
1828,1901,5,17
1829,1901,6,9.7
1830,1901,7,1.2
1831,1901,8,1.7
1832,1901,9,0.9
1833,1901,10,6.3
1834,1901,11,6.4
1835,1901,12,0
1836,1902,1,9.3
1837,1902,2,0
1838,1902,3,20.7
1839,1902,4,0
1840,1902,5,4.7
1841,1902,6,2.4
1842,1902,7,1.5
1843,1902,8,3.8
1844,1902,9,12.6
1845,1902,10,27.2
1846,1902,11,17.2
1847,1902,12,1.8
1848,1903,1,13.9
1849,1903,2,28.4
1850,1903,3,22.5
1851,1903,4,43.5
1852,1903,5,24.3
1853,1903,6,27.2
1854,1903,7,46.4
1855,1903,8,48
1856,1903,9,18.5
1857,1903,10,64.8
1858,1903,11,74.2
1859,1903,12,76.2
1860,1904,1,52.6
1861,1904,2,40.8
1862,1904,3,61.9
1863,1904,4,71.6
1864,1904,5,65.7
1865,1904,6,69.8
1866,1904,7,84.3
1867,1904,8,97.1
1868,1904,9,50.2
1869,1904,10,90.4
1870,1904,11,63.4
1871,1904,12,91.1
1872,1905,1,91.2
1873,1905,2,143
1874,1905,3,94.3
1875,1905,4,65.5
1876,1905,5,79.9
1877,1905,6,81.6
1878,1905,7,121.6
1879,1905,8,98.1
1880,1905,9,91.8
1881,1905,10,131.2
1882,1905,11,178.7
1883,1905,12,92.5
1884,1906,1,75.8
1885,1906,2,52.3
1886,1906,3,107.4
1887,1906,4,92.2
1888,1906,5,96.2
1889,1906,6,105.3
1890,1906,7,172.7
1891,1906,8,79.6
1892,1906,9,93.5
1893,1906,10,29.7
1894,1906,11,64.8
1895,1906,12,108
1896,1907,1,127.4
1897,1907,2,180.3
1898,1907,3,101.1
1899,1907,4,87.6
1900,1907,5,71.4
1901,1907,6,67.2
1902,1907,7,82.9
1903,1907,8,90.5
1904,1907,9,141.7
1905,1907,10,109.1
1906,1907,11,102.5
1907,1907,12,78.9
1908,1908,1,65.4
1909,1908,2,56.6
1910,1908,3,47.9
1911,1908,4,96.1
1912,1908,5,68
1913,1908,6,80.2
1914,1908,7,65.8
1915,1908,8,150.9
1916,1908,9,144.9
1917,1908,10,53.9
1918,1908,11,75.9
1919,1908,12,65.9
1920,1909,1,94.6
1921,1909,2,77.6
1922,1909,3,110.5
1923,1909,4,53.7
1924,1909,5,60
1925,1909,6,37.8
1926,1909,7,59.6
1927,1909,8,38.5
1928,1909,9,64.7
1929,1909,10,97.4
1930,1909,11,93
1931,1909,12,90.2
1932,1910,1,44
1933,1910,2,52.5
1934,1910,3,35.7
1935,1910,4,14.1
1936,1910,5,36.9
1937,1910,6,20.5
1938,1910,7,23.5
1939,1910,8,19.3
1940,1910,9,43.7
1941,1910,10,63.9
1942,1910,11,8.3
1943,1910,12,9.6
1944,1911,1,5.6
1945,1911,2,15
1946,1911,3,13
1947,1911,4,27.6
1948,1911,5,15.1
1949,1911,6,3.7
1950,1911,7,5.9
1951,1911,8,6.7
1952,1911,9,6.7
1953,1911,10,4.5
1954,1911,11,7
1955,1911,12,3.7
1956,1912,1,0.4
1957,1912,2,0
1958,1912,3,8.2
1959,1912,4,7.6
1960,1912,5,7.4
1961,1912,6,6.9
1962,1912,7,4.9
1963,1912,8,0.5
1964,1912,9,15.9
1965,1912,10,7.6
1966,1912,11,1.9
1967,1912,12,10.6
1968,1913,1,3.8
1969,1913,2,4.8
1970,1913,3,0.8
1971,1913,4,1.6
1972,1913,5,0
1973,1913,6,0
1974,1913,7,2.9
1975,1913,8,0.4
1976,1913,9,2
1977,1913,10,5.2
1978,1913,11,1.2
1979,1913,12,6.3
1980,1914,1,4.7
1981,1914,2,4.4
1982,1914,3,5.3
1983,1914,4,28.9
1984,1914,5,8.7
1985,1914,6,19.1
1986,1914,7,9.1
1987,1914,8,12.9
1988,1914,9,21.2
1989,1914,10,13.7
1990,1914,11,27.3
1991,1914,12,37.3
1992,1915,1,38.5
1993,1915,2,70.4
1994,1915,3,64.8
1995,1915,4,68.9
1996,1915,5,55.1
1997,1915,6,114.7
1998,1915,7,119.4
1999,1915,8,116
2000,1915,9,82.4
2001,1915,10,89.1
2002,1915,11,70.9
2003,1915,12,57.5
2004,1916,1,75.5
2005,1916,2,92.4
2006,1916,3,111.7
2007,1916,4,119.8
2008,1916,5,124
2009,1916,6,112.9
2010,1916,7,89.3
2011,1916,8,58.6
2012,1916,9,75.1
2013,1916,10,84.5
2014,1916,11,109.5
2015,1916,12,88.3
2016,1917,1,124.5
2017,1917,2,119.9
2018,1917,3,158
2019,1917,4,124.6
2020,1917,5,190.2
2021,1917,6,191.4
2022,1917,7,199.7
2023,1917,8,257.7
2024,1917,9,215.6
2025,1917,10,120.3
2026,1917,11,160.7
2027,1917,12,215.5
2028,1918,1,160
2029,1918,2,108.7
2030,1918,3,120.4
2031,1918,4,134.1
2032,1918,5,127.9
2033,1918,6,99
2034,1918,7,179.5
2035,1918,8,169.6
2036,1918,9,133.2
2037,1918,10,141.7
2038,1918,11,139
2039,1918,12,98.5
2040,1919,1,80.2
2041,1919,2,132.5
2042,1919,3,110.9
2043,1919,4,86.3
2044,1919,5,146.9
2045,1919,6,185.3
2046,1919,7,107.8
2047,1919,8,115.1
2048,1919,9,91.1
2049,1919,10,88
2050,1919,11,69.9
2051,1919,12,58
2052,1920,1,85.3
2053,1920,2,89.8
2054,1920,3,116.9
2055,1920,4,24.7
2056,1920,5,55.4
2057,1920,6,64.6
2058,1920,7,45.7
2059,1920,8,31.9
2060,1920,9,60.5
2061,1920,10,82.7
2062,1920,11,45.3
2063,1920,12,49.8
2064,1921,1,52.5
2065,1921,2,47.1
2066,1921,3,44.5
2067,1921,4,54
2068,1921,5,37
2069,1921,6,56.2
2070,1921,7,69.7
2071,1921,8,38
2072,1921,9,29.6
2073,1921,10,30.3
2074,1921,11,29.6
2075,1921,12,33.9
2076,1922,1,19.7
2077,1922,2,43.9
2078,1922,3,91.3
2079,1922,4,18.3
2080,1922,5,13.4
2081,1922,6,9.8
2082,1922,7,18.3
2083,1922,8,10.9
2084,1922,9,7.8
2085,1922,10,10.4
2086,1922,11,12.2
2087,1922,12,29
2088,1923,1,7.5
2089,1923,2,2.5
2090,1923,3,5.5
2091,1923,4,10.2
2092,1923,5,5.3
2093,1923,6,15.3
2094,1923,7,5.9
2095,1923,8,0.8
2096,1923,9,22.1
2097,1923,10,19.5
2098,1923,11,16.7
2099,1923,12,4.6
2100,1924,1,0.8
2101,1924,2,8.5
2102,1924,3,3
2103,1924,4,18.9
2104,1924,5,34.6
2105,1924,6,40
2106,1924,7,46.9
2107,1924,8,32.1
2108,1924,9,41.9
2109,1924,10,42.6
2110,1924,11,37.5
2111,1924,12,27.5
2112,1925,1,9.1
2113,1925,2,38.6
2114,1925,3,30
2115,1925,4,53
2116,1925,5,71.4
2117,1925,6,79.1
2118,1925,7,64.2
2119,1925,8,63.3
2120,1925,9,100.3
2121,1925,10,115.3
2122,1925,11,97.6
2123,1925,12,164.4
2124,1926,1,119.7
2125,1926,2,116.4
2126,1926,3,104.2
2127,1926,4,64.2
2128,1926,5,107
2129,1926,6,122.4
2130,1926,7,87.2
2131,1926,8,102.7
2132,1926,9,101.4
2133,1926,10,119.3
2134,1926,11,100.8
2135,1926,12,132.4
2136,1927,1,136
2137,1927,2,155.1
2138,1927,3,116.1
2139,1927,4,155.8
2140,1927,5,131.9
2141,1927,6,98.5
2142,1927,7,91.6
2143,1927,8,89.6
2144,1927,9,114.1
2145,1927,10,105.2
2146,1927,11,112.1
2147,1927,12,75.3
2148,1928,1,139.2
2149,1928,2,122.4
2150,1928,3,142.4
2151,1928,4,134.3
2152,1928,5,128.3
2153,1928,6,152.4
2154,1928,7,163.4
2155,1928,8,139.6
2156,1928,9,149.6
2157,1928,10,102.3
2158,1928,11,83.9
2159,1928,12,98.3
2160,1929,1,114.8
2161,1929,2,104.7
2162,1929,3,83.8
2163,1929,4,87.9
2164,1929,5,97
2165,1929,6,119.9
2166,1929,7,117.1
2167,1929,8,109.6
2168,1929,9,57.3
2169,1929,10,90.1
2170,1929,11,135.1
2171,1929,12,179.9
2172,1930,1,108.8
2173,1930,2,83.1
2174,1930,3,58.4
2175,1930,4,63.7
2176,1930,5,61.4
2177,1930,6,48
2178,1930,7,36.5
2179,1930,8,41.5
2180,1930,9,53.5
2181,1930,10,57.2
2182,1930,11,59.4
2183,1930,12,43
2184,1931,1,24.4
2185,1931,2,71.8
2186,1931,3,50.1
2187,1931,4,52
2188,1931,5,40.8
2189,1931,6,25.5
2190,1931,7,29
2191,1931,8,21.6
2192,1931,9,31.7
2193,1931,10,16.6
2194,1931,11,31.2
2195,1931,12,29.7
2196,1932,1,20.1
2197,1932,2,17.6
2198,1932,3,18.8
2199,1932,4,18.7
2200,1932,5,29.7
2201,1932,6,36.9
2202,1932,7,16
2203,1932,8,11.3
2204,1932,9,6.6
2205,1932,10,14.8
2206,1932,11,13.7
2207,1932,12,18.5
2208,1933,1,20.4
2209,1933,2,36.9
2210,1933,3,16.8
2211,1933,4,4.9
2212,1933,5,5.3
2213,1933,6,8.7
2214,1933,7,4.7
2215,1933,8,0.4
2216,1933,9,8.5
2217,1933,10,5
2218,1933,11,1
2219,1933,12,0.4
2220,1934,1,5.7
2221,1934,2,12.9
2222,1934,3,7.2
2223,1934,4,18.8
2224,1934,5,32.9
2225,1934,6,11.2
2226,1934,7,15.3
2227,1934,8,13.9
2228,1934,9,6.7
2229,1934,10,9.5
2230,1934,11,14.5
2231,1934,12,25.7
2232,1935,1,31.1
2233,1935,2,34.1
2234,1935,3,38.5
2235,1935,4,20.4
2236,1935,5,45.4
2237,1935,6,76.2
2238,1935,7,56.5
2239,1935,8,50.2
2240,1935,9,70.1
2241,1935,10,88.7
2242,1935,11,107
2243,1935,12,102.5
2244,1936,1,104.7
2245,1936,2,123.9
2246,1936,3,128.4
2247,1936,4,124.8
2248,1936,5,90.9
2249,1936,6,116.7
2250,1936,7,87.2
2251,1936,8,145
2252,1936,9,126.7
2253,1936,10,148.2
2254,1936,11,192.3
2255,1936,12,205.6
2256,1937,1,220.9
2257,1937,2,214.1
2258,1937,3,139.7
2259,1937,4,182.2
2260,1937,5,194.4
2261,1937,6,217.1
2262,1937,7,241.8
2263,1937,8,229.5
2264,1937,9,167.9
2265,1937,10,208.2
2266,1937,11,123.9
2267,1937,12,147.9
2268,1938,1,164
2269,1938,2,198.6
2270,1938,3,144.2
2271,1938,4,168.4
2272,1938,5,212.3
2273,1938,6,162.6
2274,1938,7,275.6
2275,1938,8,192.8
2276,1938,9,149.3
2277,1938,10,165.3
2278,1938,11,203.6
2279,1938,12,154.7
2280,1939,1,133.9
2281,1939,2,129
2282,1939,3,107.8
2283,1939,4,181.9
2284,1939,5,197.3
2285,1939,6,168.3
2286,1939,7,162.6
2287,1939,8,176.3
2288,1939,9,187.7
2289,1939,10,146.9
2290,1939,11,113.7
2291,1939,12,70.2
2292,1940,1,84.1
2293,1940,2,99.1
2294,1940,3,138.9
2295,1940,4,101.1
2296,1940,5,90.6
2297,1940,6,139.8
2298,1940,7,112.5
2299,1940,8,175.9
2300,1940,9,110.8
2301,1940,10,91.5
2302,1940,11,97.4
2303,1940,12,113.8
2304,1941,1,76.1
2305,1941,2,74.3
2306,1941,3,77.5
2307,1941,4,54.6
2308,1941,5,49
2309,1941,6,99.6
2310,1941,7,111.4
2311,1941,8,100.1
2312,1941,9,109.8
2313,1941,10,77.2
2314,1941,11,64
2315,1941,12,56.2
2316,1942,1,59.5
2317,1942,2,87.9
2318,1942,3,90.4
2319,1942,4,101.2
2320,1942,5,41.8
2321,1942,6,18.9
2322,1942,7,29.6
2323,1942,8,33.7
2324,1942,9,28.7
2325,1942,10,32
2326,1942,11,51.3
2327,1942,12,37.6
2328,1943,1,20.7
2329,1943,2,48.1
2330,1943,3,45.7
2331,1943,4,43.5
2332,1943,5,23.6
2333,1943,6,12.7
2334,1943,7,22
2335,1943,8,32.3
2336,1943,9,16.7
2337,1943,10,13
2338,1943,11,17
2339,1943,12,31.4
2340,1944,1,6.1
2341,1944,2,0.8
2342,1944,3,18.3
2343,1944,4,0.4
2344,1944,5,4.1
2345,1944,6,8.2
2346,1944,7,8.5
2347,1944,8,27.9
2348,1944,9,23.7
2349,1944,10,28.1
2350,1944,11,17.9
2351,1944,12,47.4
2352,1945,1,30.8
2353,1945,2,21.2
2354,1945,3,35.9
2355,1945,4,53.4
2356,1945,5,51
2357,1945,6,60.2
2358,1945,7,71
2359,1945,8,43.1
2360,1945,9,58.1
2361,1945,10,114.5
2362,1945,11,76.6
2363,1945,12,45.7
2364,1946,1,79.3
2365,1946,2,143.8
2366,1946,3,127.7
2367,1946,4,126.1
2368,1946,5,141.6
2369,1946,6,122.6
2370,1946,7,193.7
2371,1946,8,178.7
2372,1946,9,157.4
2373,1946,10,170.5
2374,1946,11,206.3
2375,1946,12,202.9
2376,1947,1,163.7
2377,1947,2,188.9
2378,1947,3,183.8
2379,1947,4,212.1
2380,1947,5,285
2381,1947,6,232.1
2382,1947,7,223.5
2383,1947,8,267.4
2384,1947,9,239.9
2385,1947,10,231.7
2386,1947,11,181.3
2387,1947,12,164.9
2388,1948,1,153.6
2389,1948,2,122
2390,1948,3,134.3
2391,1948,4,268.5
2392,1948,5,246.4
2393,1948,6,237.5
2394,1948,7,201.4
2395,1948,8,223.7
2396,1948,9,202.9
2397,1948,10,192.9
2398,1948,11,135.6
2399,1948,12,195.3
2400,1949,1,168.6
2401,1949,2,258
2402,1949,3,223
2403,1949,4,208.1
2404,1949,5,150.4
2405,1949,6,172.4
2406,1949,7,178.3
2407,1949,8,175.3
2408,1949,9,205.8
2409,1949,10,186.3
2410,1949,11,203.2
2411,1949,12,166.6
2412,1950,1,143.9
2413,1950,2,134.3
2414,1950,3,155.4
2415,1950,4,160.6
2416,1950,5,150.5
2417,1950,6,118.3
2418,1950,7,128.9
2419,1950,8,120.6
2420,1950,9,72.7
2421,1950,10,87
2422,1950,11,77.7
2423,1950,12,76.7
2424,1951,1,85
2425,1951,2,84.8
2426,1951,3,79.3
2427,1951,4,131.7
2428,1951,5,153.7
2429,1951,6,142.4
2430,1951,7,87.2
2431,1951,8,86.5
2432,1951,9,117.7
2433,1951,10,73.3
2434,1951,11,74.2
2435,1951,12,65
2436,1952,1,57.9
2437,1952,2,32.4
2438,1952,3,31.5
2439,1952,4,41.7
2440,1952,5,33.6
2441,1952,6,52
2442,1952,7,56.1
2443,1952,8,77.8
2444,1952,9,40.4
2445,1952,10,34.2
2446,1952,11,31.8
2447,1952,12,48.9
2448,1953,1,37.9
2449,1953,2,5.9
2450,1953,3,14.7
2451,1953,4,39.6
2452,1953,5,18.3
2453,1953,6,31.5
2454,1953,7,12.7
2455,1953,8,33.6
2456,1953,9,28
2457,1953,10,12.3
2458,1953,11,2.5
2459,1953,12,3.9
2460,1954,1,0.4
2461,1954,2,0.8
2462,1954,3,15.8
2463,1954,4,2.7
2464,1954,5,1.2
2465,1954,6,0.4
2466,1954,7,7.3
2467,1954,8,12.6
2468,1954,9,2.3
2469,1954,10,10.5
2470,1954,11,13.4
2471,1954,12,11.3
2472,1955,1,33.4
2473,1955,2,29.9
2474,1955,3,7.3
2475,1955,4,16.4
2476,1955,5,41.3
2477,1955,6,45.2
2478,1955,7,38.2
2479,1955,8,58
2480,1955,9,60.8
2481,1955,10,83
2482,1955,11,126.3
2483,1955,12,108.8
2484,1956,1,104.1
2485,1956,2,175.6
2486,1956,3,167.7
2487,1956,4,156.7
2488,1956,5,193.4
2489,1956,6,165.1
2490,1956,7,182.7
2491,1956,8,240.2
2492,1956,9,245.4
2493,1956,10,219.9
2494,1956,11,285
2495,1956,12,272
2496,1957,1,233.7
2497,1957,2,184.5
2498,1957,3,222.8
2499,1957,4,248
2500,1957,5,233
2501,1957,6,284.3
2502,1957,7,265.1
2503,1957,8,223.7
2504,1957,9,334
2505,1957,10,359.4
2506,1957,11,298.6
2507,1957,12,339
2508,1958,1,286.7
2509,1958,2,233.6
2510,1958,3,270
2511,1958,4,277.6
2512,1958,5,248.2
2513,1958,6,242.9
2514,1958,7,271
2515,1958,8,283.5
2516,1958,9,285.1
2517,1958,10,256.9
2518,1958,11,215.6
2519,1958,12,265.7
2520,1959,1,307.7
2521,1959,2,202.6
2522,1959,3,263
2523,1959,4,231.3
2524,1959,5,243.6
2525,1959,6,238.9
2526,1959,7,211.9
2527,1959,8,282.6
2528,1959,9,205.6
2529,1959,10,157.7
2530,1959,11,175.6
2531,1959,12,177.1
2532,1960,1,207.2
2533,1960,2,149.9
2534,1960,3,144.6
2535,1960,4,172.7
2536,1960,5,169.3
2537,1960,6,156
2538,1960,7,172.4
2539,1960,8,190
2540,1960,9,180.1
2541,1960,10,117.3
2542,1960,11,126.9
2543,1960,12,121.2
2544,1961,1,82.1
2545,1961,2,65.4
2546,1961,3,75.2
2547,1961,4,86.9
2548,1961,5,72.3
2549,1961,6,109.5
2550,1961,7,99.3
2551,1961,8,79.2
2552,1961,9,90.1
2553,1961,10,53.7
2554,1961,11,46.5
2555,1961,12,56.9
2556,1962,1,55.1
2557,1962,2,71.7
2558,1962,3,64.9
2559,1962,4,65.9
2560,1962,5,61.9
2561,1962,6,59.6
2562,1962,7,31.4
2563,1962,8,31.5
2564,1962,9,72.7
2565,1962,10,56.1
2566,1962,11,38.8
2567,1962,12,33.2
2568,1963,1,28.7
2569,1963,2,35.2
2570,1963,3,24.8
2571,1963,4,41.7
2572,1963,5,61.1
2573,1963,6,51.2
2574,1963,7,28.7
2575,1963,8,47.5
2576,1963,9,55.2
2577,1963,10,50.1
2578,1963,11,33.7
2579,1963,12,21.6
2580,1964,1,22.6
2581,1964,2,25.3
2582,1964,3,24.1
2583,1964,4,12.9
2584,1964,5,14.3
2585,1964,6,13.5
2586,1964,7,4.8
2587,1964,8,13.8
2588,1964,9,7
2589,1964,10,9.2
2590,1964,11,11.1
2591,1964,12,22.1
2592,1965,1,25.4
2593,1965,2,20.8
2594,1965,3,17.5
2595,1965,4,10.2
2596,1965,5,34.5
2597,1965,6,23.3
2598,1965,7,17.3
2599,1965,8,13.3
2600,1965,9,24.5
2601,1965,10,29.1
2602,1965,11,22.8
2603,1965,12,24.7
2604,1966,1,40.3
2605,1966,2,35.3
2606,1966,3,36.4
2607,1966,4,69
2608,1966,5,64.2
2609,1966,6,67.7
2610,1966,7,80.2
2611,1966,8,72.6
2612,1966,9,71.1
2613,1966,10,81.2
2614,1966,11,81
2615,1966,12,99.8
2616,1967,1,157
2617,1967,2,132.6
2618,1967,3,158.3
2619,1967,4,98.4
2620,1967,5,122.5
2621,1967,6,95.4
2622,1967,7,129.5
2623,1967,8,151.8
2624,1967,9,108.7
2625,1967,10,125
2626,1967,11,133.6
2627,1967,12,179
2628,1968,1,172.5
2629,1968,2,158.5
2630,1968,3,130.5
2631,1968,4,115
2632,1968,5,180
2633,1968,6,156.2
2634,1968,7,136.2
2635,1968,8,154.8
2636,1968,9,166
2637,1968,10,152.5
2638,1968,11,121.7
2639,1968,12,155.5
2640,1969,1,147.8
2641,1969,2,170.5
2642,1969,3,192.3
2643,1969,4,151.1
2644,1969,5,169.9
2645,1969,6,150.1
2646,1969,7,137.1
2647,1969,8,138.8
2648,1969,9,129.3
2649,1969,10,135.4
2650,1969,11,132.4
2651,1969,12,138.6
2652,1970,1,157.9
2653,1970,2,180.8
2654,1970,3,145.7
2655,1970,4,155.1
2656,1970,5,180.5
2657,1970,6,151.3
2658,1970,7,159.3
2659,1970,8,131.7
2660,1970,9,140.8
2661,1970,10,122.6
2662,1970,11,134.8
2663,1970,12,118.2
2664,1971,1,129.2
2665,1971,2,111.8
2666,1971,3,85.9
2667,1971,4,101.6
2668,1971,5,81.5
2669,1971,6,70.7
2670,1971,7,114.7
2671,1971,8,87
2672,1971,9,71.3
2673,1971,10,73.4
2674,1971,11,89.5
2675,1971,12,116.5
2676,1972,1,87
2677,1972,2,125.3
2678,1972,3,113.5
2679,1972,4,89.6
2680,1972,5,113.9
2681,1972,6,124.7
2682,1972,7,108.3
2683,1972,8,108.9
2684,1972,9,90.7
2685,1972,10,86.9
2686,1972,11,59.2
2687,1972,12,64.3
2688,1973,1,61.8
2689,1973,2,60.9
2690,1973,3,65.4
2691,1973,4,81.8
2692,1973,5,60.3
2693,1973,6,56.1
2694,1973,7,33.2
2695,1973,8,36.6
2696,1973,9,84.1
2697,1973,10,43.7
2698,1973,11,34.3
2699,1973,12,33.3
2700,1974,1,39.4
2701,1974,2,37.3
2702,1974,3,30.9
2703,1974,4,57.5
2704,1974,5,56.3
2705,1974,6,51.5
2706,1974,7,79.1
2707,1974,8,47.9
2708,1974,9,57.2
2709,1974,10,67.2
2710,1974,11,35.9
2711,1974,12,29.6
2712,1975,1,27.3
2713,1975,2,16.7
2714,1975,3,16.9
2715,1975,4,7.7
2716,1975,5,13.1
2717,1975,6,16.7
2718,1975,7,40.4
2719,1975,8,56.7
2720,1975,9,20.3
2721,1975,10,13.6
2722,1975,11,27.9
2723,1975,12,11.6
2724,1976,1,11.9
2725,1976,2,6.4
2726,1976,3,31.5
2727,1976,4,27.3
2728,1976,5,18.2
2729,1976,6,17.9
2730,1976,7,2.9
2731,1976,8,24.1
2732,1976,9,20
2733,1976,10,29.7
2734,1976,11,7.9
2735,1976,12,22.3
2736,1977,1,23.8
2737,1977,2,33.3
2738,1977,3,13
2739,1977,4,19
2740,1977,5,27
2741,1977,6,54.9
2742,1977,7,30.6
2743,1977,8,43
2744,1977,9,62.4
2745,1977,10,62.1
2746,1977,11,41.6
2747,1977,12,61.4
2748,1978,1,73.7
2749,1978,2,132.6
2750,1978,3,108.4
2751,1978,4,141.2
2752,1978,5,117.1
2753,1978,6,134.6
2754,1978,7,99.7
2755,1978,8,82.4
2756,1978,9,195.7
2757,1978,10,177.1
2758,1978,11,138.5
2759,1978,12,173.9
2760,1979,1,235.9
2761,1979,2,194.7
2762,1979,3,195.3
2763,1979,4,143.7
2764,1979,5,190.3
2765,1979,6,211.7
2766,1979,7,225.7
2767,1979,8,201.4
2768,1979,9,266.9
2769,1979,10,263.6
2770,1979,11,259.5
2771,1979,12,249.6
2772,1980,1,226.1
2773,1980,2,219.4
2774,1980,3,178.7
2775,1980,4,232.2
2776,1980,5,254.7
2777,1980,6,222.7
2778,1980,7,192.9
2779,1980,8,191.7
2780,1980,9,219.6
2781,1980,10,233.3
2782,1980,11,209.5
2783,1980,12,246.9
2784,1981,1,156.6
2785,1981,2,189.9
2786,1981,3,196.6
2787,1981,4,225.3
2788,1981,5,194.7
2789,1981,6,131.6
2790,1981,7,205.3
2791,1981,8,242.5
2792,1981,9,245.3
2793,1981,10,216.2
2794,1981,11,186
2795,1981,12,195.4
2796,1982,1,149.8
2797,1982,2,230.9
2798,1982,3,221.1
2799,1982,4,170.3
2800,1982,5,119.3
2801,1982,6,163.7
2802,1982,7,139.4
2803,1982,8,161.9
2804,1982,9,167.4
2805,1982,10,134.3
2806,1982,11,127.5
2807,1982,12,169
2808,1983,1,115.5
2809,1983,2,73.1
2810,1983,3,88.7
2811,1983,4,109.6
2812,1983,5,132.5
2813,1983,6,131.5
2814,1983,7,108.9
2815,1983,8,96
2816,1983,9,69.9
2817,1983,10,72.5
2818,1983,11,45.7
2819,1983,12,45.6
2820,1984,1,74.8
2821,1984,2,110.2
2822,1984,3,116.7
2823,1984,4,90.4
2824,1984,5,96.9
2825,1984,6,65.1
2826,1984,7,55.7
2827,1984,8,35
2828,1984,9,22.6
2829,1984,10,12.6
2830,1984,11,26.5
2831,1984,12,21.4
2832,1985,1,17.8
2833,1985,2,20.7
2834,1985,3,16.9
2835,1985,4,20.4
2836,1985,5,32.4
2837,1985,6,28.3
2838,1985,7,39.9
2839,1985,8,10.1
2840,1985,9,4.3
2841,1985,10,22
2842,1985,11,17.9
2843,1985,12,15.8
2844,1986,1,2.8
2845,1986,2,27.9
2846,1986,3,13.8
2847,1986,4,22.4
2848,1986,5,16.1
2849,1986,6,0.6
2850,1986,7,18.1
2851,1986,8,9.9
2852,1986,9,5.1
2853,1986,10,40.1
2854,1986,11,15.4
2855,1986,12,5.8
2856,1987,1,9.8
2857,1987,2,3.4
2858,1987,3,17.4
2859,1987,4,46
2860,1987,5,39.1
2861,1987,6,18.8
2862,1987,7,38.2
2863,1987,8,47.9
2864,1987,9,42.2
2865,1987,10,63.4
2866,1987,11,48.8
2867,1987,12,29.1
2868,1988,1,70.5
2869,1988,2,45.4
2870,1988,3,91.2
2871,1988,4,108.8
2872,1988,5,74.2
2873,1988,6,124.3
2874,1988,7,131.4
2875,1988,8,139.4
2876,1988,9,142.7
2877,1988,10,156.5
2878,1988,11,156.8
2879,1988,12,231.2
2880,1989,1,210.1
2881,1989,2,208.7
2882,1989,3,170.4
2883,1989,4,166.3
2884,1989,5,195.4
2885,1989,6,284.5
2886,1989,7,180.5
2887,1989,8,232
2888,1989,9,225.1
2889,1989,10,212.2
2890,1989,11,238.2
2891,1989,12,211.4
2892,1990,1,227.4
2893,1990,2,171.8
2894,1990,3,191.7
2895,1990,4,189.7
2896,1990,5,175.2
2897,1990,6,153.3
2898,1990,7,191.1
2899,1990,8,252.1
2900,1990,9,169.1
2901,1990,10,199.4
2902,1990,11,178.8
2903,1990,12,197.1
2904,1991,1,195.3
2905,1991,2,240.3
2906,1991,3,197
2907,1991,4,197.6
2908,1991,5,166.9
2909,1991,6,224.7
2910,1991,7,240.2
2911,1991,8,240.8
2912,1991,9,168.9
2913,1991,10,197.1
2914,1991,11,159.5
2915,1991,12,212.6
2916,1992,1,198.3
2917,1992,2,230.7
2918,1992,3,151
2919,1992,4,142.2
2920,1992,5,94.3
2921,1992,6,98.5
2922,1992,7,114.2
2923,1992,8,91.9
2924,1992,9,94
2925,1992,10,133.4
2926,1992,11,129.6
2927,1992,12,122
2928,1993,1,81.4
2929,1993,2,127.8
2930,1993,3,102.4
2931,1993,4,94.4
2932,1993,5,78.8
2933,1993,6,69.6
2934,1993,7,80.4
2935,1993,8,62.5
2936,1993,9,31.2
2937,1993,10,71.1
2938,1993,11,48.2
2939,1993,12,68.4
2940,1994,1,84.9
2941,1994,2,54.9
2942,1994,3,47.5
2943,1994,4,27.4
2944,1994,5,29.8
2945,1994,6,39.7
2946,1994,7,50.6
2947,1994,8,34.3
2948,1994,9,40.5
2949,1994,10,67.1
2950,1994,11,29.5
2951,1994,12,32.2
2952,1995,1,32.6
2953,1995,2,45.8
2954,1995,3,46.3
2955,1995,4,21.6
2956,1995,5,19.4
2957,1995,6,22.5
2958,1995,7,20.4
2959,1995,8,18.2
2960,1995,9,15.7
2961,1995,10,30.6
2962,1995,11,14
2963,1995,12,14.9
2964,1996,1,13.3
2965,1996,2,7.7
2966,1996,3,12.6
2967,1996,4,6.8
2968,1996,5,7.6
2969,1996,6,16.5
2970,1996,7,11.8
2971,1996,8,19.7
2972,1996,9,3
2973,1996,10,0.7
2974,1996,11,24.9
2975,1996,12,14
2976,1997,1,7.4
2977,1997,2,11
2978,1997,3,12.1
2979,1997,4,23
2980,1997,5,25.4
2981,1997,6,20.8
2982,1997,7,12.9
2983,1997,8,35.7
2984,1997,9,59.7
2985,1997,10,32.8
2986,1997,11,50.4
2987,1997,12,55.5
2988,1998,1,44.5
2989,1998,2,50.2
2990,1998,3,82
2991,1998,4,70.6
2992,1998,5,74
2993,1998,6,90.5
2994,1998,7,96.7
2995,1998,8,121.1
2996,1998,9,132
2997,1998,10,78.5
2998,1998,11,97.3
2999,1998,12,119.2
3000,1999,1,86
3001,1999,2,98
3002,1999,3,103.5
3003,1999,4,93.6
3004,1999,5,149.6
3005,1999,6,207.2
3006,1999,7,173.5
3007,1999,8,142.3
3008,1999,9,106.3
3009,1999,10,168.7
3010,1999,11,188.3
3011,1999,12,116.8
3012,2000,1,133.1
3013,2000,2,165.7
3014,2000,3,217.7
3015,2000,4,191.5
3016,2000,5,165.9
3017,2000,6,188
3018,2000,7,244.3
3019,2000,8,180.5
3020,2000,9,156
3021,2000,10,141.6
3022,2000,11,158.1
3023,2000,12,143.3
3024,2001,1,142.6
3025,2001,2,121.5
3026,2001,3,165.8
3027,2001,4,161.7
3028,2001,5,142.1
3029,2001,6,202.9
3030,2001,7,123
3031,2001,8,161.5
3032,2001,9,238.2
3033,2001,10,194.1
3034,2001,11,176.6
3035,2001,12,213.4
3036,2002,1,184.6
3037,2002,2,170.2
3038,2002,3,147.1
3039,2002,4,186.9
3040,2002,5,187.5
3041,2002,6,128.8
3042,2002,7,161
3043,2002,8,175.6
3044,2002,9,187.9
3045,2002,10,151.2
3046,2002,11,147.2
3047,2002,12,135.3
3048,2003,1,133.5
3049,2003,2,75.7
3050,2003,3,100.7
3051,2003,4,97.9
3052,2003,5,86.8
3053,2003,6,118.7
3054,2003,7,128.3
3055,2003,8,115.4
3056,2003,9,78.5
3057,2003,10,97.8
3058,2003,11,82.9
3059,2003,12,72.2
3060,2004,1,60.6
3061,2004,2,74.6
3062,2004,3,74.8
3063,2004,4,59.2
3064,2004,5,72.8
3065,2004,6,66.5
3066,2004,7,83.8
3067,2004,8,69.7
3068,2004,9,48.8
3069,2004,10,74.2
3070,2004,11,70.1
3071,2004,12,28.9
3072,2005,1,48.1
3073,2005,2,43.5
3074,2005,3,39.6
3075,2005,4,38.7
3076,2005,5,61.9
3077,2005,6,56.8
3078,2005,7,62.4
3079,2005,8,60.5
3080,2005,9,37.2
3081,2005,10,13.2
3082,2005,11,27.5
3083,2005,12,59.3
3084,2006,1,20.9
3085,2006,2,5.7
3086,2006,3,17.3
3087,2006,4,50.3
3088,2006,5,37.2
3089,2006,6,24.5
3090,2006,7,22.2
3091,2006,8,20.8
3092,2006,9,23.7
3093,2006,10,14.9
3094,2006,11,35.7
3095,2006,12,22.3
3096,2007,1,29.3
3097,2007,2,18.4
3098,2007,3,7.2
3099,2007,4,5.4
3100,2007,5,19.5
3101,2007,6,21.3
3102,2007,7,15.1
3103,2007,8,9.8
3104,2007,9,4
3105,2007,10,1.5
3106,2007,11,2.8
3107,2007,12,17.3
3108,2008,1,4.1
3109,2008,2,2.9
3110,2008,3,15.5
3111,2008,4,3.6
3112,2008,5,4.6
3113,2008,6,5.2
3114,2008,7,0.6
3115,2008,8,0.3
3116,2008,9,1.2
3117,2008,10,4.2
3118,2008,11,6.6
3119,2008,12,1
3120,2009,1,1.3
3121,2009,2,1.2
3122,2009,3,0.6
3123,2009,4,1.2
3124,2009,5,2.9
3125,2009,6,6.3
3126,2009,7,5.5
3127,2009,8,0
3128,2009,9,7.1
3129,2009,10,7.7
3130,2009,11,6.9
3131,2009,12,16.3
3132,2010,1,19.5
3133,2010,2,28.5
3134,2010,3,24
3135,2010,4,10.4
3136,2010,5,13.9
3137,2010,6,18.8
3138,2010,7,25.2
3139,2010,8,29.6
3140,2010,9,36.4
3141,2010,10,33.6
3142,2010,11,34.4
3143,2010,12,24.5
3144,2011,1,27.3
3145,2011,2,48.3
3146,2011,3,78.6
3147,2011,4,76.1
3148,2011,5,58.2
3149,2011,6,56.1
3150,2011,7,64.5
3151,2011,8,65.8
3152,2011,9,120.1
3153,2011,10,125.7
3154,2011,11,139.1
3155,2011,12,109.3
3156,2012,1,94.4
3157,2012,2,47.8
3158,2012,3,86.6
3159,2012,4,85.9
3160,2012,5,96.5
3161,2012,6,92
3162,2012,7,100.1
3163,2012,8,94.8
3164,2012,9,93.7
3165,2012,10,76.5
3166,2012,11,87.6
3167,2012,12,56.8
3168,2013,1,96.1
3169,2013,2,60.9
3170,2013,3,78.3
3171,2013,4,107.3
3172,2013,5,120.2
3173,2013,6,76.7
3174,2013,7,86.2
3175,2013,8,91.8
3176,2013,9,54.5
3177,2013,10,114.4
3178,2013,11,113.9
3179,2013,12,124.2
3180,2014,1,117
3181,2014,2,146.1
3182,2014,3,128.7
3183,2014,4,112.5
3184,2014,5,112.5
3185,2014,6,102.9
3186,2014,7,100.2
3187,2014,8,106.9
3188,2014,9,130
3189,2014,10,90
3190,2014,11,103.6
3191,2014,12,112.9
3192,2015,1,93
3193,2015,2,66.7
3194,2015,3,54.5
3195,2015,4,75.3
3196,2015,5,88.8
3197,2015,6,66.5
3198,2015,7,65.8
3199,2015,8,64.4
3200,2015,9,78.6
3201,2015,10,63.6
3202,2015,11,62.2
3203,2015,12,58
3204,2016,1,57
3205,2016,2,56.4
3206,2016,3,54.1
3207,2016,4,37.9
3208,2016,5,51.5
3209,2016,6,20.5
3210,2016,7,32.4
3211,2016,8,50.2
3212,2016,9,44.6
3213,2016,10,33.4
3214,2016,11,21.4
3215,2016,12,18.5
3216,2017,1,26.1
3217,2017,2,26.4
3218,2017,3,17.7
3219,2017,4,32.3
3220,2017,5,18.9
3221,2017,6,19.2
3222,2017,7,17.8
3223,2017,8,32.6
3224,2017,9,43.7
3225,2017,10,13.2
3226,2017,11,5.7
3227,2017,12,8.2
3228,2018,1,6.8
3229,2018,2,10.7
3230,2018,3,2.5
3231,2018,4,8.9
3232,2018,5,13.1
3233,2018,6,15.6
3234,2018,7,1.6
3235,2018,8,8.7
3236,2018,9,3.3
3237,2018,10,4.9
3238,2018,11,4.9
3239,2018,12,3.1
3240,2019,1,7.7
3241,2019,2,0.8
3242,2019,3,9.4
3243,2019,4,9.1
3244,2019,5,9.9
3245,2019,6,1.2
3246,2019,7,0.9
3247,2019,8,0.5
3248,2019,9,1.1
3249,2019,10,0.4
3250,2019,11,0.5
3251,2019,12,1.5
3252,2020,1,6.2
3253,2020,2,0.2
3254,2020,3,1.5
3255,2020,4,5.2
3256,2020,5,0.2
3257,2020,6,5.8
3258,2020,7,6.1
3259,2020,8,7.5
3260,2020,9,0.6
3261,2020,10,14.6
3262,2020,11,34.5
3263,2020,12,23.1
3264,2021,1,10.4
3265,2021,2,8.2
3266,2021,3,17.2
3267,2021,4,24.5
3268,2021,5,21.2
3269,2021,6,25
3270,2021,7,34.3
3271,2021,8,22
3272,2021,9,51.3
3273,2021,10,37.4
3274,2021,11,34.8
3275,2021,12,67.5
3276,2022,1,55.3
3277,2022,2,60.9
3278,2022,3,78.6
3279,2022,4,84
3280,2022,5,96.5
3281,2022,6,70.3
3282,2022,7,91.4
3283,2022,8,74.6
3284,2022,9,96
3285,2022,10,95.5
3286,2022,11,80.5
3287,2022,12,112.8
3288,2023,1,144.4
3289,2023,2,111.3
3290,2023,3,123.3
3291,2023,4,97.6
3292,2023,5,137.4
3293,2023,6,160.5
3294,2023,7,160
3295,2023,8,114.8
3296,2023,9,134.2
3297,2023,10,99.9
3298,2023,11,107.1
3299,2023,12,113.5
3300,2024,1,126
3301,2024,2,123
3302,2024,3,103.7
3303,2024,4,137
3304,2024,5,172.1
3305,2024,6,164.1
3306,2024,7,196.8
3307,2024,8,216
3308,2024,9,141.1
3309,2024,10,166.4
3310,2024,11,152.5
3311,2024,12,154.5
3312,2025,1,137
